condition,operation,value,accuracy,auroc,f1,count,threshold,auroc_logits,tp,tn,fp,fn,ai_recall,real_recall,precision,false_positive_rate,balanced_accuracy
clean,clean,,0.822267177227079,0.9949616055853531,0.8384766907419566,13841,0.5,0.9949616055853531,6385,4996,2,2458,0.7220400316634626,0.9995998399359743,0.9996868639423829,0.00040016006402561027,0.8608199357997185
clean,clean,,0.8251571418250127,0.9949616055853531,0.8415193189259987,13841,0.3,0.9949616055853531,6425,4996,2,2418,0.7265633834671491,0.9995998399359743,0.9996888128209118,0.00040016006402561027,0.8630816117015617
clean,clean,,0.8310093201358283,0.9949616055853531,0.8476320760862485,13841,0.1,0.9949616055853531,6506,4996,2,2337,0.7357231708696144,0.9995998399359743,0.9996926859250154,0.00040016006402561027,0.8676615054027943
clean,clean,,0.8376562387110758,0.9949616055853531,0.8544971831897947,13841,0.01,0.9949616055853531,6598,4996,2,2245,0.7461268800180934,0.9995998399359743,0.9996969696969698,0.00040016006402561027,0.8728633599770339
clean,clean,,0.847626616573947,0.9949616055853531,0.8646602066354361,13841,0.001,0.9949616055853531,6737,4995,3,2106,0.7618455275359041,0.9993997599039616,0.9995548961424332,0.0006002400960384153,0.8806226437199328
clean,clean,,0.8753702767141103,0.9949616055853531,0.8920052588743504,13841,0.0001,0.9949616055853531,7124,4992,6,1719,0.8056089562365712,0.9987995198079231,0.9991584852734923,0.0012004801920768306,0.9022042380222473
clean,clean,,0.9461744093634853,0.9949616055853531,0.9562202503378974,13841,1e-05,0.9949616055853531,8136,4960,38,707,0.9200497568698406,0.9923969587835134,0.9953511132860289,0.007603041216486595,0.956223357826677
clean,clean,,0.9654649230546926,0.9949616055853531,0.9725129384703852,13841,5e-06,0.9949616055853531,8456,4907,91,387,0.9562365712993328,0.9817927170868347,0.9893529893529893,0.018207282913165267,0.9690146441930838
clean,clean,,0.8163427498013149,0.9949616055853531,0.8742704520724107,13841,1e-06,0.9949616055853531,8838,2461,2537,5,0.9994345810245392,0.4923969587835134,0.776967032967033,0.5076030412164866,0.7459157699040263
clean,clean,,0.6388989234881872,0.9949616055853531,0.7796684888026802,13841,1e-08,0.9949616055853531,8843,0,4998,0,1.0,0.0,0.6388989234881872,1.0,0.5
clean,clean,,0.6388989234881872,0.9949616055853531,0.7796684888026802,13841,1e-10,0.9949616055853531,8843,0,4998,0,1.0,0.0,0.6388989234881872,1.0,0.5
jpeg_q90,jpeg,90,0.8226284228018207,0.996486800080204,0.8388155735014116,13841,0.5,0.9964868000802041,6388,4998,0,2455,0.7223792830487391,1.0,1.0,0.0,0.8611896415243696
jpeg_q90,jpeg,90,0.8260241312043928,0.996486800080204,0.8423877470873151,13841,0.3,0.9964868000802041,6435,4998,0,2408,0.7276942214180708,1.0,1.0,0.0,0.8638471107090354
jpeg_q90,jpeg,90,0.830720323676035,0.996486800080204,0.847291924656195,13841,0.1,0.9964868000802041,6500,4998,0,2343,0.7350446680990614,1.0,1.0,0.0,0.8675223340495307
jpeg_q90,jpeg,90,0.8377284878260242,0.996486800080204,0.8545336787564767,13841,0.01,0.9964868000802041,6597,4998,0,2246,0.7460137962230012,1.0,1.0,0.0,0.8730068981115007
jpeg_q90,jpeg,90,0.8474821183440503,0.996486800080204,0.86446227929374,13841,0.001,0.9964868000802041,6732,4998,0,2111,0.7612801085604433,1.0,1.0,0.0,0.8806400542802216
jpeg_q90,jpeg,90,0.8748645329094719,0.996486800080204,0.8914378839162592,13841,0.0001,0.9964868000802041,7111,4998,0,1732,0.8041388669003732,1.0,1.0,0.0,0.9020694334501866
jpeg_q90,jpeg,90,0.9473303952026587,0.996486800080204,0.957125213197671,13841,1e-05,0.9964868000802041,8137,4975,23,706,0.9201628406649327,0.9953981592637055,0.9971813725490196,0.004601840736294518,0.9577804999643191
jpeg_q90,jpeg,90,0.9677046456180912,0.996486800080204,0.9742259124718907,13841,5e-06,0.9964868000802041,8448,4946,52,395,0.9553319009385955,0.9895958383353342,0.9938823529411764,0.010404161664665866,0.9724638696369649
jpeg_q90,jpeg,90,0.8306480745610866,0.996486800080204,0.8829170829170829,13841,1e-06,0.9964868000802041,8838,2659,2339,5,0.9994345810245392,0.5320128051220488,0.7907309653753243,0.4679871948779512,0.765723693073294
jpeg_q90,jpeg,90,0.6388989234881872,0.996486800080204,0.7796684888026802,13841,1e-08,0.9964868000802041,8843,0,4998,0,1.0,0.0,0.6388989234881872,1.0,0.5
jpeg_q90,jpeg,90,0.6388989234881872,0.996486800080204,0.7796684888026802,13841,1e-10,0.9964868000802041,8843,0,4998,0,1.0,0.0,0.6388989234881872,1.0,0.5
jpeg_q70,jpeg,70,0.8058666281338054,0.9972301144816176,0.8208547236482432,13841,0.5,0.9972301144816176,6156,4998,0,2687,0.6961438425873573,1.0,1.0,0.0,0.8480719212936787
jpeg_q70,jpeg,70,0.8080341015822556,0.9972301144816176,0.8232084636369685,13841,0.3,0.9972301144816176,6186,4998,0,2657,0.6995363564401221,1.0,1.0,0.0,0.849768178220061
jpeg_q70,jpeg,70,0.8148255183873998,0.9972301144816176,0.8305230443695034,13841,0.1,0.9972301144816176,6280,4998,0,2563,0.7101662331787855,1.0,1.0,0.0,0.8550831165893927
jpeg_q70,jpeg,70,0.8256628856296511,0.9972301144816176,0.8420087736528514,13841,0.01,0.9972301144816176,6430,4998,0,2413,0.72712880244261,1.0,1.0,0.0,0.8635644012213051
jpeg_q70,jpeg,70,0.836428003756954,0.9972301144816176,0.8531967319413825,13841,0.001,0.9972301144816176,6579,4998,0,2264,0.7439782879113424,1.0,1.0,0.0,0.8719891439556712
jpeg_q70,jpeg,70,0.8644606603569106,0.9972301144816176,0.8813409234661607,13841,0.0001,0.9972301144816176,6967,4998,0,1876,0.7878548004071017,1.0,1.0,0.0,0.8939274002035509
jpeg_q70,jpeg,70,0.9422007080413265,0.9972301144816176,0.9526851194700733,13841,1e-05,0.9972301144816176,8054,4987,11,789,0.9107768856722832,0.9977991196478592,0.9986360818350899,0.0022008803521408565,0.9542880026600712
jpeg_q70,jpeg,70,0.9653204248247959,0.9972301144816176,0.9722093561834182,13841,5e-06,0.9972301144816176,8396,4965,33,447,0.949451543593803,0.9933973589435774,0.9960849448333136,0.006602641056422569,0.9714244512686903
jpeg_q70,jpeg,70,0.8453868940105483,0.9972301144816176,0.8920064594267259,13841,1e-06,0.9972301144816176,8838,2863,2135,5,0.9994345810245392,0.572829131652661,0.8054315137154835,0.4271708683473389,0.7861318563386002
jpeg_q70,jpeg,70,0.6388989234881872,0.9972301144816176,0.7796684888026802,13841,1e-08,0.9972301144816176,8843,0,4998,0,1.0,0.0,0.6388989234881872,1.0,0.5
jpeg_q70,jpeg,70,0.6388989234881872,0.9972301144816176,0.7796684888026802,13841,1e-10,0.9972301144816176,8843,0,4998,0,1.0,0.0,0.6388989234881872,1.0,0.5
jpeg_q50,jpeg,50,0.796907737880211,0.9973089880529844,0.8110252100840336,13841,0.5,0.9973089880529843,6032,4998,0,2811,0.682121451995929,1.0,1.0,0.0,0.8410607259979646
jpeg_q50,jpeg,50,0.8031211617657684,0.9973089880529844,0.8178597687320366,13841,0.3,0.9973089880529843,6118,4998,0,2725,0.6918466583738551,1.0,1.0,0.0,0.8459233291869275
jpeg_q50,jpeg,50,0.8072393613178238,0.9973089880529844,0.8223465175123186,13841,0.1,0.9973089880529843,6175,4998,0,2668,0.6982924346941083,1.0,1.0,0.0,0.8491462173470541
jpeg_q50,jpeg,50,0.8171374900657467,0.9973089880529844,0.8329924117452986,13841,0.01,0.9973089880529843,6312,4998,0,2531,0.7137849146217347,1.0,1.0,0.0,0.8568924573108674
jpeg_q50,jpeg,50,0.8298533342966549,0.9973089880529844,0.8463896679929555,13841,0.001,0.9973089880529843,6488,4998,0,2355,0.7336876625579555,1.0,1.0,0.0,0.8668438312789777
jpeg_q50,jpeg,50,0.8604147099198035,0.9973089880529844,0.8773644788625111,13841,0.0001,0.9973089880529843,6911,4998,0,1932,0.7815221078819405,1.0,1.0,0.0,0.8907610539409703
jpeg_q50,jpeg,50,0.938299255834116,0.9973089880529844,0.949323522430572,13841,1e-05,0.9973089880529843,7999,4988,10,844,0.9045572769422142,0.9979991996798719,0.9987514046697465,0.0020008003201280513,0.9512782383110431
jpeg_q50,jpeg,50,0.9640199407557257,0.9973089880529844,0.9711170397865677,13841,5e-06,0.9973089880529843,8372,4971,27,471,0.9467375325115911,0.9945978391356542,0.9967853315870937,0.005402160864345739,0.9706676858236227
jpeg_q50,jpeg,50,0.8502275847120873,0.9973089880529844,0.895032659881513,13841,1e-06,0.9973089880529843,8838,2930,2068,5,0.9994345810245392,0.586234493797519,0.810379607555474,0.413765506202481,0.792834537411029
jpeg_q50,jpeg,50,0.6388989234881872,0.9973089880529844,0.7796684888026802,13841,1e-08,0.9973089880529843,8843,0,4998,0,1.0,0.0,0.6388989234881872,1.0,0.5
jpeg_q50,jpeg,50,0.6388989234881872,0.9973089880529844,0.7796684888026802,13841,1e-10,0.9973089880529843,8843,0,4998,0,1.0,0.0,0.6388989234881872,1.0,0.5
jpeg_q30,jpeg,30,0.7682248392457193,0.9961430800975823,0.7784224340378505,13841,0.5,0.9961430800975823,5635,4998,0,3208,0.6372271853443402,1.0,1.0,0.0,0.81861359267217
jpeg_q30,jpeg,30,0.7719095441080847,0.9961430800975823,0.7827104411865924,13841,0.3,0.9961430800975823,5686,4998,0,3157,0.6429944588940405,1.0,1.0,0.0,0.8214972294470202
jpeg_q30,jpeg,30,0.7775449750740553,0.9961430800975823,0.7892106524269186,13841,0.1,0.9961430800975823,5764,4998,0,3079,0.6518149949112292,1.0,1.0,0.0,0.8259074974556146
jpeg_q30,jpeg,30,0.788021096741565,0.9961430800975823,0.8011117136659436,13841,0.01,0.9961430800975823,5909,4998,0,2934,0.6682121451995929,1.0,1.0,0.0,0.8341060725997964
jpeg_q30,jpeg,30,0.8036269055704067,0.9961430800975823,0.818412613575628,13841,0.001,0.9961430800975823,6125,4998,0,2718,0.6926382449395002,1.0,1.0,0.0,0.8463191224697502
jpeg_q30,jpeg,30,0.8340437829636587,0.9961430800975823,0.8507375398011566,13841,0.0001,0.9961430800975823,6546,4998,0,2297,0.7402465226733009,1.0,1.0,0.0,0.8701232613366505
jpeg_q30,jpeg,30,0.9239939310743444,0.9961430800975823,0.9368168168168168,13841,1e-05,0.9961430800975823,7799,4990,8,1044,0.8819405179237815,0.9983993597438976,0.9989752785961317,0.001600640256102441,0.9401699388338396
jpeg_q30,jpeg,30,0.9562892854562531,0.9961430800975823,0.9646921505690108,13841,5e-06,0.9961430800975823,8265,4971,27,578,0.9346375664367296,0.9945978391356542,0.9967438494934877,0.005402160864345739,0.964617702786192
jpeg_q30,jpeg,30,0.8365725019868506,0.9961430800975823,0.8864913689281413,13841,1e-06,0.9961430800975823,8833,2746,2252,10,0.9988691620490784,0.5494197679071628,0.7968425800631485,0.45058023209283715,0.7741444649781206
jpeg_q30,jpeg,30,0.6388989234881872,0.9961430800975823,0.7796684888026802,13841,1e-08,0.9961430800975823,8843,0,4998,0,1.0,0.0,0.6388989234881872,1.0,0.5
jpeg_q30,jpeg,30,0.6388989234881872,0.9961430800975823,0.7796684888026802,13841,1e-10,0.9961430800975823,8843,0,4998,0,1.0,0.0,0.6388989234881872,1.0,0.5
blur_sigma0.5,blur,0.5,0.804927389639477,0.9912448299460008,0.8198799199466311,13841,0.5,0.9912448299460008,6145,4996,2,2698,0.6948999208413434,0.9995998399359743,0.9996746380348137,0.00040016006402561027,0.8472498803886589
blur_sigma0.5,blur,0.5,0.8080341015822556,0.9912448299460008,0.8232555045566421,13841,0.3,0.9912448299460008,6188,4996,2,2655,0.6997625240303065,0.9995998399359743,0.9996768982229403,0.00040016006402561027,0.8496811819831405
blur_sigma0.5,blur,0.5,0.8137417816631747,0.9912448299460008,0.8294070937003706,13841,0.1,0.9912448299460008,6267,4996,2,2576,0.7086961438425874,0.9995998399359743,0.999680969851651,0.00040016006402561027,0.8541479918892809
blur_sigma0.5,blur,0.5,0.8242179033306842,0.9912448299460008,0.84057401218793,13841,0.01,0.9912448299460008,6414,4994,4,2429,0.7253194617211354,0.9991996798719488,0.9993767528825179,0.0008003201280512205,0.8622595707965421
blur_sigma0.5,blur,0.5,0.8351275196878838,0.9912448299460008,0.851933558266286,13841,0.001,0.9912448299460008,6565,4994,4,2278,0.742395114780052,0.9991996798719488,0.9993910793119196,0.0008003201280512205,0.8707973973260004
blur_sigma0.5,blur,0.5,0.85882522939094,0.9912448299460008,0.8759522600304723,13841,0.0001,0.9912448299460008,6899,4988,10,1944,0.7801651023408346,0.9979991996798719,0.9985526125343754,0.0020008003201280513,0.8890821510103533
blur_sigma0.5,blur,0.5,0.9337475615923705,0.9912448299460008,0.9456528181117763,13841,1e-05,0.9912448299460008,7978,4946,52,865,0.9021825172452788,0.9895958383353342,0.9935242839352428,0.010404161664665866,0.9458891777903065
blur_sigma0.5,blur,0.5,0.9578787659851167,0.9912448299460008,0.9664576261434901,13841,5e-06,0.9912448299460008,8399,4859,139,444,0.9497907949790795,0.97218887555022,0.9837198407121106,0.02781112444977991,0.9609898352646498
blur_sigma0.5,blur,0.5,0.7948847626616574,0.9912448299460008,0.8616134535705581,13841,1e-06,0.9912448299460008,8838,2164,2834,5,0.9994345810245392,0.43297318927571027,0.7571967100753941,0.5670268107242897,0.7162038851501247
blur_sigma0.5,blur,0.5,0.6388989234881872,0.9912448299460008,0.7796684888026802,13841,1e-08,0.9912448299460008,8843,0,4998,0,1.0,0.0,0.6388989234881872,1.0,0.5
blur_sigma0.5,blur,0.5,0.6388989234881872,0.9912448299460008,0.7796684888026802,13841,1e-10,0.9912448299460008,8843,0,4998,0,1.0,0.0,0.6388989234881872,1.0,0.5
blur_sigma1,blur,1.0,0.7738602702116899,0.9850287055905704,0.7851455244371225,13841,0.5,0.9850287055905705,5719,4992,6,3124,0.6467262241320819,0.9987995198079231,0.9989519650655022,0.0012004801920768306,0.8227628719700025
blur_sigma1,blur,1.0,0.7767502348096236,0.9850287055905704,0.7884720700985761,13841,0.3,0.9850287055905705,5759,4992,6,3084,0.6512495759357684,0.9987995198079231,0.998959236773634,0.0012004801920768306,0.8250245478718458
blur_sigma1,blur,1.0,0.7804349396719891,0.9850287055905704,0.7927153673010027,13841,0.1,0.9850287055905705,5811,4991,7,3032,0.6571299332805609,0.9985994397759104,0.9987968374011688,0.0014005602240896359,0.8278646865282356
blur_sigma1,blur,1.0,0.7890325843508417,0.9850287055905704,0.8024357239512855,13841,0.01,0.9850287055905705,5930,4991,7,2913,0.6705869048965283,0.9985994397759104,0.9988209533434395,0.0014005602240896359,0.8345931723362193
blur_sigma1,blur,1.0,0.8036991546853551,0.9850287055905704,0.818733738074588,13841,0.001,0.9850287055905705,6136,4988,10,2707,0.693882166685514,0.9979991996798719,0.998372925479987,0.0020008003201280513,0.845940683182693
blur_sigma1,blur,1.0,0.8370059966765407,0.9850287055905704,0.8541127780651836,13841,0.0001,0.9850287055905705,6604,4981,17,2239,0.7468053827886464,0.9965986394557823,0.9974324120223531,0.003401360544217687,0.8717020111222143
blur_sigma1,blur,1.0,0.9114948341882811,0.9850287055905704,0.9262803153397123,13841,1e-05,0.9850287055905705,7696,4920,78,1147,0.8702928870292888,0.9843937575030012,0.9899665551839465,0.015606242496998799,0.9273433222661449
blur_sigma1,blur,1.0,0.9390217469835994,0.9850287055905704,0.9508502212904728,13841,5e-06,0.9850287055905705,8164,4833,165,679,0.9232161031324211,0.9669867947178872,0.9801896986432945,0.033013205282112844,0.9451014489251541
blur_sigma1,blur,1.0,0.7960407485008308,0.9850287055905704,0.8618140878163395,13841,1e-06,0.9850287055905705,8803,2215,2783,40,0.9954766481963134,0.44317727090836334,0.7597963058864147,0.5568227290916367,0.7193269595523384
blur_sigma1,blur,1.0,0.6388989234881872,0.9850287055905704,0.7796684888026802,13841,1e-08,0.9850287055905705,8843,0,4998,0,1.0,0.0,0.6388989234881872,1.0,0.5
blur_sigma1,blur,1.0,0.6388989234881872,0.9850287055905704,0.7796684888026802,13841,1e-10,0.9850287055905705,8843,0,4998,0,1.0,0.0,0.6388989234881872,1.0,0.5
blur_sigma2,blur,2.0,0.7497290658189437,0.9712539431694878,0.7566390333005479,13841,0.5,0.9712539431694877,5385,4992,6,3458,0.6089562365712994,0.9987995198079231,0.9988870339454646,0.0012004801920768306,0.8038778781896112
blur_sigma2,blur,2.0,0.7528357777617224,0.9712539431694878,0.7603838341388247,13841,0.3,0.9712539431694877,5428,4992,6,3415,0.6138188397602623,0.9987995198079231,0.9988958410011042,0.0012004801920768306,0.8063091797840927
blur_sigma2,blur,2.0,0.7574597211184163,0.9712539431694878,0.7659485463292198,13841,0.1,0.9712539431694877,5493,4991,7,3350,0.621169286441253,0.9985994397759104,0.9987272727272727,0.0014005602240896359,0.8098843631085817
blur_sigma2,blur,2.0,0.7667798569467524,0.9712539431694878,0.7771026101367214,13841,0.01,0.9712539431694877,5627,4986,12,3216,0.6363225149836028,0.9975990396158463,0.9978719631140273,0.0024009603841536613,0.8169607772997245
blur_sigma2,blur,2.0,0.783180406040026,0.9712539431694878,0.7960307211309726,13841,0.001,0.9712539431694877,5856,4984,14,2987,0.6622187040597083,0.9971988795518207,0.9976149914821124,0.0028011204481792717,0.8297087918057645
blur_sigma2,blur,2.0,0.813380536088433,0.9712539431694878,0.8298531058560042,13841,0.0001,0.9712539431694877,6299,4959,39,2544,0.7123148252855366,0.9921968787515006,0.993846639318397,0.0078031212484993995,0.8522558520185186
blur_sigma2,blur,2.0,0.8884473665197601,0.9712539431694878,0.9063106796116505,13841,1e-05,0.9712539431694877,7468,4829,169,1375,0.8445097817482755,0.966186474589836,0.977870891711405,0.033813525410164066,0.9053481281690557
blur_sigma2,blur,2.0,0.9103388483491077,0.9712539431694878,0.9272098070268051,13841,5e-06,0.9712539431694877,7904,4696,302,939,0.8938143164084587,0.9395758303321329,0.9631976602485985,0.06042416966786715,0.9166950733702958
blur_sigma2,blur,2.0,0.7712593020735496,0.9712539431694878,0.8473775549556498,13841,1e-06,0.9712539431694877,8789,1886,3112,54,0.9938934750650232,0.37735094037615047,0.7385093689605915,0.6226490596238495,0.6856222077205869
blur_sigma2,blur,2.0,0.6388989234881872,0.9712539431694878,0.7796684888026802,13841,1e-08,0.9712539431694877,8843,0,4998,0,1.0,0.0,0.6388989234881872,1.0,0.5
blur_sigma2,blur,2.0,0.6388989234881872,0.9712539431694878,0.7796684888026802,13841,1e-10,0.9712539431694877,8843,0,4998,0,1.0,0.0,0.6388989234881872,1.0,0.5
resize_0.5x,resize,0.5,0.8084675962719456,0.9940691757874698,0.823678084469571,13841,0.5,0.9940691757874699,6192,4998,0,2651,0.7002148592106751,1.0,1.0,0.0,0.8501074296053375
resize_0.5x,resize,0.5,0.8115743082147243,0.9940691757874698,0.8270327629659106,13841,0.3,0.9940691757874699,6235,4998,0,2608,0.7050774623996381,1.0,1.0,0.0,0.852538731199819
resize_0.5x,resize,0.5,0.8171374900657467,0.9940691757874698,0.8329924117452986,13841,0.1,0.9940691757874699,6312,4998,0,2531,0.7137849146217347,1.0,1.0,0.0,0.8568924573108674
resize_0.5x,resize,0.5,0.8261686294342895,0.9940691757874698,0.8425598743619945,13841,0.01,0.9940691757874699,6438,4997,1,2405,0.7280334728033473,0.9997999199679872,0.9998446963814257,0.00020008003201280514,0.8639166963856673
resize_0.5x,resize,0.5,0.8381619825157142,0.9940691757874698,0.8550161812297734,13841,0.001,0.9940691757874699,6605,4996,2,2238,0.7469184665837385,0.9995998399359743,0.9996972907522325,0.00040016006402561027,0.8732591532598564
resize_0.5x,resize,0.5,0.8698070948630879,0.9940691757874698,0.8865953429830081,13841,0.0001,0.9940691757874699,7044,4995,3,1799,0.7965622526291982,0.9993997599039616,0.9995742869306088,0.0006002400960384153,0.8979810062665798
resize_0.5x,resize,0.5,0.938082508489271,0.9940691757874698,0.9491847020456566,13841,1e-05,0.9940691757874699,8004,4980,18,839,0.905122695917675,0.9963985594237695,0.9977561705310396,0.003601440576230492,0.9507606276707223
resize_0.5x,resize,0.5,0.9599739903186186,0.9940691757874698,0.9678393126668988,13841,5e-06,0.9940691757874699,8336,4951,47,507,0.9426665158882732,0.9905962384953981,0.994393415245139,0.009403761504601841,0.9666313771918357
resize_0.5x,resize,0.5,0.8425691785275631,0.9940691757874698,0.8900328034317436,13841,1e-06,0.9940691757874699,8818,2844,2154,25,0.997172905122696,0.5690276110444178,0.8036820998906307,0.4309723889555822,0.7831002580835569
resize_0.5x,resize,0.5,0.6388989234881872,0.9940691757874698,0.7796684888026802,13841,1e-08,0.9940691757874699,8843,0,4998,0,1.0,0.0,0.6388989234881872,1.0,0.5
resize_0.5x,resize,0.5,0.6388989234881872,0.9940691757874698,0.7796684888026802,13841,1e-10,0.9940691757874699,8843,0,4998,0,1.0,0.0,0.6388989234881872,1.0,0.5
resize_0.25x,resize,0.25,0.9124340726826097,0.9833236472243541,0.9265276430649855,13841,0.5,0.983323647224354,7642,4987,11,1201,0.8641863620943119,0.9977991196478592,0.998562655167908,0.0022008803521408565,0.9309927408710855
resize_0.25x,resize,0.25,0.9130120656021964,0.9833236472243541,0.9270479883664566,13841,0.3,0.983323647224354,7650,4987,11,1193,0.8650910324550491,0.9977991196478592,0.9985641561153896,0.0022008803521408565,0.9314450760514541
resize_0.25x,resize,0.25,0.9144570479011632,0.9833236472243541,0.9283466473008957,13841,0.1,0.983323647224354,7670,4987,11,1173,0.8673527083568925,0.9977991196478592,0.9985678948053639,0.0022008803521408565,0.9325759140023758
resize_0.25x,resize,0.25,0.9161910266599235,0.9833236472243541,0.9299008943678995,13841,0.01,0.983323647224354,7694,4987,11,1149,0.8700667194391044,0.9977991196478592,0.9985723556132382,0.0022008803521408565,0.9339329195434818
resize_0.25x,resize,0.25,0.9174192616140452,0.9833236472243541,0.9310573617226612,13841,0.001,0.983323647224354,7718,4980,18,1125,0.8727807305213163,0.9963985594237695,0.9976732161323681,0.003601440576230492,0.9345896449725429
resize_0.25x,resize,0.25,0.9240661801892927,0.9833236472243541,0.9370922367869755,13841,0.0001,0.983323647224354,7828,4962,36,1015,0.8852199479814542,0.992797118847539,0.9954221770091557,0.007202881152460984,0.9390085334144966
resize_0.25x,resize,0.25,0.9329528213279388,0.9833236472243541,0.9453732046150224,13841,1e-05,0.983323647224354,8030,4883,115,813,0.9080628745900713,0.9769907963185274,0.9858809085328423,0.02300920368147259,0.9425268354542993
resize_0.25x,resize,0.25,0.9386605014088577,0.9833236472243541,0.9508708986748452,13841,5e-06,0.983323647224354,8216,4776,222,627,0.9290964604772136,0.9555822328931572,0.9736904479734534,0.04441776710684274,0.9423393466851855
resize_0.25x,resize,0.25,0.7815909255111625,0.9833236472243541,0.8534729290872958,13841,1e-06,0.983323647224354,8804,2014,2984,39,0.9955897319914057,0.40296118447378954,0.7468612147947065,0.5970388155262105,0.6992754582325976
resize_0.25x,resize,0.25,0.6388989234881872,0.9833236472243541,0.7796684888026802,13841,1e-08,0.983323647224354,8843,0,4998,0,1.0,0.0,0.6388989234881872,1.0,0.5
resize_0.25x,resize,0.25,0.6388989234881872,0.9833236472243541,0.7796684888026802,13841,1e-10,0.983323647224354,8843,0,4998,0,1.0,0.0,0.6388989234881872,1.0,0.5
noise_sigma0.02,noise,0.02,0.7960407485008308,0.9952209991765563,0.8101419059788822,13841,0.5,0.9952209991765563,6023,4995,3,2820,0.6811036978400995,0.9993997599039616,0.9995021573182874,0.0006002400960384153,0.8402517288720306
noise_sigma0.02,noise,0.02,0.7991474604436095,0.9952209991765563,0.8135729613733905,13841,0.3,0.9952209991765563,6066,4995,3,2777,0.6859663010290625,0.9993997599039616,0.9995056846267919,0.0006002400960384153,0.842683030466512
noise_sigma0.02,noise,0.02,0.8059388772487537,0.9952209991765563,0.821004931360789,13841,0.1,0.9952209991765563,6160,4995,3,2683,0.6965961777677259,0.9993997599039616,0.9995132240791822,0.0006002400960384153,0.8479979688358437
noise_sigma0.02,noise,0.02,0.8161982515714182,0.9952209991765563,0.832057037232638,13841,0.01,0.9952209991765563,6302,4995,3,2541,0.712654076670813,0.9993997599039616,0.9995241871530531,0.0006002400960384153,0.8560269182873873
noise_sigma0.02,noise,0.02,0.8299255834116032,0.9952209991765563,0.8465449804432855,13841,0.001,0.9952209991765563,6493,4994,4,2350,0.7342530815334163,0.9991996798719488,0.9993843312297984,0.0008003201280512205,0.8667263807026826
noise_sigma0.02,noise,0.02,0.8575969944368181,0.9952209991765563,0.8746900629410643,13841,0.0001,0.9952209991765563,6879,4991,7,1964,0.7779034264389912,0.9985994397759104,0.9989834446703456,0.0014005602240896359,0.8882514331074508
noise_sigma0.02,noise,0.02,0.9367820244202009,0.9952209991765563,0.948092780447292,13841,1e-05,0.9952209991765563,7991,4975,23,852,0.9036526065814768,0.9953981592637055,0.9971300224606938,0.004601840736294518,0.9495253829225911
noise_sigma0.02,noise,0.02,0.9624304602268622,0.9952209991765563,0.9699387212394497,13841,5e-06,0.9952209991765563,8389,4932,66,454,0.9486599570281579,0.9867947178871549,0.992193968066233,0.013205282112845138,0.9677273374576564
noise_sigma0.02,noise,0.02,0.8226284228018207,0.9952209991765563,0.8780487804878049,13841,1e-06,0.9952209991765563,8838,2548,2450,5,0.9994345810245392,0.5098039215686274,0.7829553508150248,0.49019607843137253,0.7546192512965832
noise_sigma0.02,noise,0.02,0.6388989234881872,0.9952209991765563,0.7796684888026802,13841,1e-08,0.9952209991765563,8843,0,4998,0,1.0,0.0,0.6388989234881872,1.0,0.5
noise_sigma0.02,noise,0.02,0.6388989234881872,0.9952209991765563,0.7796684888026802,13841,1e-10,0.9952209991765563,8843,0,4998,0,1.0,0.0,0.6388989234881872,1.0,0.5
noise_sigma0.05,noise,0.05,0.783180406040026,0.9953376012850013,0.7956696398175257,13841,0.5,0.995337601285001,5843,4997,1,3000,0.6607486147235101,0.9997999199679872,0.9998288843258042,0.00020008003201280514,0.8302742673457486
noise_sigma0.05,noise,0.05,0.7873708547070298,0.9953376012850013,0.8004069175991861,13841,0.3,0.995337601285001,5901,4997,1,2942,0.6673074748388556,0.9997999199679872,0.9998305659098611,0.00020008003201280514,0.8335536974034214
noise_sigma0.05,noise,0.05,0.792067047178672,0.9953376012850013,0.8056718433490885,13841,0.1,0.995337601285001,5966,4997,1,2877,0.6746579215198462,0.9997999199679872,0.9998324115971174,0.00020008003201280514,0.8372289207439167
noise_sigma0.05,noise,0.05,0.8034824073405101,0.9953376012850013,0.8182789951897381,13841,0.01,0.995337601285001,6124,4997,1,2719,0.692525161144408,0.9997999199679872,0.9998367346938776,0.00020008003201280514,0.8461625405561977
noise_sigma0.05,noise,0.05,0.8187992197095586,0.9953376012850013,0.8348261327713382,13841,0.001,0.995337601285001,6338,4995,3,2505,0.7167250932941309,0.9993997599039616,0.9995268885033907,0.0006002400960384153,0.8580624265990462
noise_sigma0.05,noise,0.05,0.8527563037352792,0.9953376012850013,0.869809633320557,13841,0.0001,0.995337601285001,6808,4995,3,2035,0.7698744769874477,0.9993997599039616,0.9995595360446337,0.0006002400960384153,0.8846371184457047
noise_sigma0.05,noise,0.05,0.9293403655805217,0.9953376012850013,0.9415979935506986,13841,1e-05,0.995337601285001,7884,4979,19,959,0.8915526405066154,0.9961984793917567,0.9975958496773377,0.0038015206082432974,0.943875559949186
noise_sigma0.05,noise,0.05,0.9586012571346001,0.9953376012850013,0.9666879832567874,13841,5e-06,0.995337601285001,8314,4954,44,529,0.9401786723962456,0.9911964785914366,0.9947355826752812,0.008803521408563426,0.9656875754938411
noise_sigma0.05,noise,0.05,0.8240011559858392,0.9953376012850013,0.8787577145132391,13841,1e-06,0.995337601285001,8828,2577,2421,15,0.9983037430736176,0.5156062424969988,0.7847808694106143,0.4843937575030012,0.7569549927853082
noise_sigma0.05,noise,0.05,0.6388989234881872,0.9953376012850013,0.7796684888026802,13841,1e-08,0.995337601285001,8843,0,4998,0,1.0,0.0,0.6388989234881872,1.0,0.5
noise_sigma0.05,noise,0.05,0.6388989234881872,0.9953376012850013,0.7796684888026802,13841,1e-10,0.995337601285001,8843,0,4998,0,1.0,0.0,0.6388989234881872,1.0,0.5
noise_sigma0.1,noise,0.1,0.7672133516364424,0.9959180551107699,0.7772708419742845,13841,0.5,0.9959180551107699,5622,4997,1,3221,0.635757096008142,0.9997999199679872,0.999822158989863,0.00020008003201280514,0.8177785079880646
noise_sigma0.1,noise,0.1,0.7704645618091178,0.9959180551107699,0.7810626421335538,13841,0.3,0.9959180551107699,5667,4997,1,3176,0.6408458667872894,0.9997999199679872,0.9998235709244884,0.00020008003201280514,0.8203228933776383
noise_sigma0.1,noise,0.1,0.7763167401199336,0.9959180551107699,0.787828947368421,13841,0.1,0.9959180551107699,5748,4997,1,3095,0.6500056541897546,0.9997999199679872,0.999826056705514,0.00020008003201280514,0.824902787078871
noise_sigma0.1,noise,0.1,0.785925872408063,0.9959180551107699,0.7987775891341257,13841,0.01,0.9959180551107699,5881,4997,1,2962,0.6650457989370123,0.9997999199679872,0.999829989799388,0.00020008003201280514,0.8324228594524998
noise_sigma0.1,noise,0.1,0.8031211617657684,0.9959180551107699,0.8178841141482323,13841,0.001,0.9959180551107699,6119,4997,1,2724,0.6919597421689472,0.9997999199679872,0.9998366013071895,0.00020008003201280514,0.8458798310684672
noise_sigma0.1,noise,0.1,0.8433639187919948,0.9959180551107699,0.8603092783505155,13841,0.0001,0.9959180551107699,6676,4997,1,2167,0.7549474160352821,0.9997999199679872,0.9998502321401828,0.00020008003201280514,0.8773736680016346
noise_sigma0.1,noise,0.1,0.9262336536377429,0.9959180551107699,0.9388146461317193,13841,1e-05,0.9959180551107699,7833,4987,11,1010,0.8857853669569151,0.9977991196478592,0.9985976542580316,0.0022008803521408565,0.9417922433023871
noise_sigma0.1,noise,0.1,0.9578787659851167,0.9959180551107699,0.9660394943787499,13841,5e-06,0.9959180551107699,8292,4966,32,551,0.9376908289042181,0.9935974389755903,0.996155694377703,0.006402561024409764,0.9656441339399042
noise_sigma0.1,noise,0.1,0.8297810851817066,0.9959180551107699,0.8822824023183772,13841,1e-06,0.9959180551107699,8829,2656,2342,14,0.9984168268687097,0.5314125650260104,0.7903500134276251,0.4685874349739896,0.7649146959473601
noise_sigma0.1,noise,0.1,0.6388989234881872,0.9959180551107699,0.7796684888026802,13841,1e-08,0.9959180551107699,8843,0,4998,0,1.0,0.0,0.6388989234881872,1.0,0.5
noise_sigma0.1,noise,0.1,0.6388989234881872,0.9959180551107699,0.7796684888026802,13841,1e-10,0.9959180551107699,8843,0,4998,0,1.0,0.0,0.6388989234881872,1.0,0.5
color_jitter_minus0.2,color_jitter_minus,0.2,0.7656961202225273,0.9908050634027217,0.7755554017579072,13841,0.5,0.9908050634027217,5603,4995,3,3240,0.6336085039013909,0.9993997599039616,0.9994648590795576,0.0006002400960384153,0.8165041319026762
color_jitter_minus0.2,color_jitter_minus,0.2,0.7695975724297377,0.9908050634027217,0.7801144590774323,13841,0.3,0.9908050634027217,5657,4995,3,3186,0.6397150288363678,0.9993997599039616,0.9994699646643109,0.0006002400960384153,0.8195573943701646
color_jitter_minus0.2,color_jitter_minus,0.2,0.7742937649013799,0.9908050634027217,0.78555738605162,13841,0.1,0.9908050634027217,5722,4995,3,3121,0.6470654755173584,0.9993997599039616,0.999475982532751,0.0006002400960384153,0.8232326177106599
color_jitter_minus0.2,color_jitter_minus,0.2,0.782963658695181,0.9908050634027217,0.795479302832244,13841,0.01,0.9908050634027217,5842,4995,3,3001,0.660635530928418,0.9993997599039616,0.999486740804106,0.0006002400960384153,0.8300176454161898
color_jitter_minus0.2,color_jitter_minus,0.2,0.7958962502709341,0.9908050634027217,0.8099818389722203,13841,0.001,0.9908050634027217,6021,4995,3,2822,0.6808775302499152,0.9993997599039616,0.9995019920318725,0.0006002400960384153,0.8401386450769384
color_jitter_minus0.2,color_jitter_minus,0.2,0.8253738891698577,0.9908050634027217,0.8417675941080196,13841,0.0001,0.9908050634027217,6429,4995,3,2414,0.7270157186475178,0.9993997599039616,0.9995335820895522,0.0006002400960384153,0.8632077392757397
color_jitter_minus0.2,color_jitter_minus,0.2,0.907232136406329,0.9908050634027217,0.922040072859745,13841,1e-05,0.9908050634027217,7593,4964,34,1250,0.8586452561347959,0.9931972789115646,0.9955421528779337,0.006802721088435374,0.9259212675231803
color_jitter_minus0.2,color_jitter_minus,0.2,0.9387327505238061,0.9908050634027217,0.9501645510108133,13841,5e-06,0.9908050634027217,8084,4909,89,759,0.914169399525048,0.9821928771508603,0.9891104857457482,0.017807122849139656,0.9481811383379541
color_jitter_minus0.2,color_jitter_minus,0.2,0.8324543024347951,0.9908050634027217,0.8838467317806161,13841,1e-06,0.9908050634027217,8823,2699,2299,20,0.9977383240981568,0.540016006402561,0.7932925732781874,0.45998399359743897,0.7688771652503589
color_jitter_minus0.2,color_jitter_minus,0.2,0.6388989234881872,0.9908050634027217,0.7796684888026802,13841,1e-08,0.9908050634027217,8843,0,4998,0,1.0,0.0,0.6388989234881872,1.0,0.5
color_jitter_minus0.2,color_jitter_minus,0.2,0.6388989234881872,0.9908050634027217,0.7796684888026802,13841,1e-10,0.9908050634027217,8843,0,4998,0,1.0,0.0,0.6388989234881872,1.0,0.5
color_jitter_plus0.2,color_jitter_plus,0.2,0.8213279387327506,0.9924156024504114,0.8376764030193633,13841,0.5,0.9924156024504114,6381,4987,11,2462,0.721587696483094,0.9977991196478592,0.998279098873592,0.0022008803521408565,0.8596934080654766
color_jitter_plus0.2,color_jitter_plus,0.2,0.8241456542157358,0.9924156024504114,0.8406442320282833,13841,0.3,0.9924156024504114,6420,4987,11,2423,0.7259979644916883,0.9977991196478592,0.9982895350645312,0.0022008803521408565,0.8618985420697738
color_jitter_plus0.2,color_jitter_plus,0.2,0.828408351997688,0.9924156024504114,0.8451255298337137,13841,0.1,0.9924156024504114,6480,4986,12,2363,0.7327829921972181,0.9975990396158463,0.9981515711645101,0.0024009603841536613,0.8651910159065321
color_jitter_plus0.2,color_jitter_plus,0.2,0.8385954772054043,0.9924156024504114,0.8556474541225123,13841,0.01,0.9924156024504114,6621,4986,12,2222,0.7487278073052132,0.9975990396158463,0.9981908638625057,0.0024009603841536613,0.8731634234605297
color_jitter_plus0.2,color_jitter_plus,0.2,0.8510945740914674,0.9924156024504114,0.8683487703609071,13841,0.001,0.9924156024504114,6797,4983,15,2046,0.7686305552414339,0.996998799519808,0.9977980035231944,0.003001200480192077,0.8828146773806209
color_jitter_plus0.2,color_jitter_plus,0.2,0.8889531103243985,0.9924156024504114,0.9050824430309393,13841,0.0001,0.9924156024504114,7328,4976,22,1515,0.8286780504353726,0.9955982392957183,0.9970068027210884,0.004401760704281713,0.9121381448655455
color_jitter_plus0.2,color_jitter_plus,0.2,0.954772054042338,0.9924156024504114,0.9637773405855804,13841,1e-05,0.9924156024504114,8328,4887,111,515,0.941761845527536,0.9777911164465787,0.9868467827941699,0.02220888355342137,0.9597764809870573
color_jitter_plus0.2,color_jitter_plus,0.2,0.9619247164222239,0.9924156024504114,0.9701737506367084,13841,5e-06,0.9924156024504114,8571,4743,255,272,0.9692412077349316,0.9489795918367347,0.9711080897348743,0.05102040816326531,0.9591103997858332
color_jitter_plus0.2,color_jitter_plus,0.2,0.7515352936926523,0.9924156024504114,0.837207100591716,13841,1e-06,0.9924156024504114,8843,1559,3439,0,1.0,0.3119247699079632,0.719996743201433,0.6880752300920369,0.6559623849539816
color_jitter_plus0.2,color_jitter_plus,0.2,0.6388989234881872,0.9924156024504114,0.7796684888026802,13841,1e-08,0.9924156024504114,8843,0,4998,0,1.0,0.0,0.6388989234881872,1.0,0.5
color_jitter_plus0.2,color_jitter_plus,0.2,0.6388989234881872,0.9924156024504114,0.7796684888026802,13841,1e-10,0.9924156024504114,8843,0,4998,0,1.0,0.0,0.6388989234881872,1.0,0.5
center_crop_0.8,crop,0.8,0.7771114803843653,0.9938407003647326,0.7887420393069917,13841,0.5,0.9938407003647326,5759,4997,1,3084,0.6512495759357684,0.9997999199679872,0.9998263888888889,0.00020008003201280514,0.8255247479518778
center_crop_0.8,crop,0.8,0.7805071887869374,0.9938407003647326,0.7926279863481228,13841,0.3,0.9938407003647326,5806,4997,1,3037,0.6565645143051001,0.9997999199679872,0.9998277940416739,0.00020008003201280514,0.8281822171365436
center_crop_0.8,crop,0.8,0.7850588830286829,0.9938407003647326,0.7977978658329369,13841,0.1,0.9938407003647326,5869,4997,1,2974,0.6636887933959064,0.9997999199679872,0.9998296422487223,0.00020008003201280514,0.8317443566819468
center_crop_0.8,crop,0.8,0.7985694675240228,0.9938407003647326,0.8128859060402684,13841,0.01,0.9938407003647326,6056,4997,1,2787,0.6848354630781409,0.9997999199679872,0.9998349017665511,0.00020008003201280514,0.8423176915230641
center_crop_0.8,crop,0.8,0.8130915396286396,0.9938407003647326,0.828686841930998,13841,0.001,0.9938407003647326,6257,4997,1,2586,0.7075653058916658,0.9997999199679872,0.9998402045381911,0.00020008003201280514,0.8536826129298265
center_crop_0.8,crop,0.8,0.8407629506538545,0.9938407003647326,0.8576962809917356,13841,0.0001,0.9938407003647326,6642,4995,3,2201,0.7511025670021486,0.9993997599039616,0.999548532731377,0.0006002400960384153,0.8752511634530551
center_crop_0.8,crop,0.8,0.9247164222238278,0.9938407003647326,0.9375374655317108,13841,1e-05,0.9938407003647326,7820,4979,19,1023,0.8843152776207169,0.9961984793917567,0.9975762214568185,0.0038015206082432974,0.9402568785062368
center_crop_0.8,crop,0.8,0.9510873491799725,0.9938407003647326,0.9604440549225826,13841,5e-06,0.9938407003647326,8219,4945,53,624,0.9294357118624901,0.9893957583033214,0.9935928433268859,0.010604241696678672,0.9594157350829058
center_crop_0.8,crop,0.8,0.8228451701466657,0.9938407003647326,0.878106979518791,13841,1e-06,0.9938407003647326,8832,2557,2441,11,0.9987560782539862,0.5116046418567427,0.7834649161713829,0.4883953581432573,0.7551803600553644
center_crop_0.8,crop,0.8,0.6388989234881872,0.9938407003647326,0.7796684888026802,13841,1e-08,0.9938407003647326,8843,0,4998,0,1.0,0.0,0.6388989234881872,1.0,0.5
center_crop_0.8,crop,0.8,0.6388989234881872,0.9938407003647326,0.7796684888026802,13841,1e-10,0.9938407003647326,8843,0,4998,0,1.0,0.0,0.6388989234881872,1.0,0.5
